,flux
12DGR120tipp,0.0
12DGR140tipp,0.0
12DGR141tipp,0.0
12DGR160tipp,0.0
12DGR161tipp,0.0
12DGR180tipp,0.0
12DGR181tipp,0.0
12PPDRtex,0.0
12PPDRtpp,0.0
12PPDStex,0.0
12PPDStpp,0.0
13PPDH2,0.0
14GLUCANabcpp,0.0
14GLUCANtexi,0.0
23CAMPtex,0.0
23CCMPtex,0.0
23CGMPtex,0.0
23CUMPtex,0.0
23DAPPAt2pp,0.0
23DAPPAtex,0.0
23DOGULNt4pp,0.0
23PDE2pp,0.0
23PDE4pp,0.0
23PDE7pp,0.0
23PDE9pp,0.0
26DAHtex,0.0
2AGPA120tipp,0.0
2AGPA140tipp,0.0
2AGPA141tipp,0.0
2AGPA160tipp,0.0
2AGPA161tipp,0.0
2AGPA180tipp,0.0
2AGPA181tipp,0.0
2AGPE120tipp,0.0
2AGPE140tipp,0.0
2AGPE141tipp,0.0
2AGPE160tipp,0.0
2AGPE161tipp,0.0
2AGPE180tipp,0.0
2AGPE181tipp,0.0
2AGPEAT120,0.0
2AGPEAT140,0.0
2AGPEAT141,0.0
2AGPEAT160,0.0
2AGPEAT161,0.0
2AGPEAT180,0.0
2AGPEAT181,0.0
2AGPG120tipp,0.0
2AGPG140tipp,0.0
2AGPG141tipp,0.0
2AGPG160tipp,0.0
2AGPG161tipp,0.0
2AGPG180tipp,0.0
2AGPG181tipp,0.0
2AGPGAT120,0.0
2AGPGAT140,0.0
2AGPGAT141,0.0
2AGPGAT160,0.0
2AGPGAT161,0.0
2AGPGAT180,0.0
2AGPGAT181,0.0
2DDARAA,0.0
2DGLCptspp,0.0
2DGLCtex,0.0
2DGULRGx,0.0
2DGULRGy,0.0
2DGULRx,0.0
2DGULRy,0.0
2DOXG6PP,0.0
2HESR,0.0
2HPTCOAT,0.0
2MAHMP,0.0
34dhpactex,0.0
3AMACHYD,0.0
3AMPtex,0.0
3CMPtex,0.0
3GMPtex,0.0
3HAD100,0.0
3HAD120,0.0
3HAD121,0.0
3HAD140,0.0
3HAD141,0.0
3HAD160,0.0
3HAD161,0.0
3HAD180,0.0
3HAD181,0.0
3HAD40,0.0
3HAD60,0.0
3HAD80,0.0
3HBZCT,0.0
3HCINNMH,0.0
3HPADHi,0.0
3HPPPNH,0.0
3HPPtex,0.0
3HPPtpp,0.0
3KGK,0.0
3NTD2pp,0.0
3NTD4pp,0.0
3NTD7pp,0.0
3NTD9pp,0.0
3OAR100,0.0
3OAR120,0.0
3OAR121,0.0
3OAR140,0.1904333905856128
3OAR141,0.0
3OAR160,0.0
3OAR161,0.0
3OAR180,0.0
3OAR181,0.0
3OAR40,0.0
3OAR60,0.0
3OAR80,0.0
3OAS100,0.0
3OAS120,0.0
3OAS121,0.0
3OAS140,0.1904333905856128
3OAS141,0.0
3OAS160,0.0
3OAS161,0.0
3OAS180,0.0
3OAS181,0.0
3OAS60,0.0
3OAS80,0.0
3OXCOAT,0.0
3PEPTabcpp,0.0
3PEPTtex,0.0
3SLAR,0.0
3UMPtex,0.0
42A12BOOXpp,0.0
4ABZGLUH,0.0
4ABZGLUtex,0.0
4ABZGLUtr,0.0
4HBZt3pp,0.0
4HOXPACDtex,0.0
4HTHRA,-0.0052099921605437164
4HTHRK,0.0052099921605437164
4PCP,0.0
4PCPpp,0.0
4PEPTabcpp,0.0
4PEPTtex,0.0
5DGLCNR,0.0
5DGLCNt2rpp,0.0
5DGLCNtex,0.0
5DKGR,0.0
5DOAN,0.0013492244272260015
5MTRtex,-0.03939034431693573
5MTRtpp,0.03939034431693573
6D6SFK,0.0
6D6SPA,0.0
A5PISO,0.14282504293920958
AACPS1,0.0476083476464032
AACPS2,0.0
AACPS3,0.7085005258500798
AACPS4,0.5510676461468345
AACPS5,0.28401466233026645
AACPS6,0.0
AACPS7,0.238041738232016
AACPS8,0.0
AACPS9,0.0
AACTOOR,0.0
AADDGT,0.0
AAMYL,0.0
AAMYLpp,0.0
AB6PGH,0.0
ABTA,0.0
ABUTD,0.0
ABUTt2pp,0.0
ABUTtex,0.0
ACACCT,0.0
ACACDCBX,0.0
ACACT1r,1.8292504426007585
ACACT2r,1.8292504426007585
ACACT3r,1.8292504426007585
ACACT4r,1.8292329202056
ACACT5r,1.8292329202056
ACACT6r,1.591191181973584
ACACT7r,1.5435828343271807
ACACT8r,-0.28401466233026645
ACACt2pp,0.0
ACACtex,0.0
ACALD,0.0
ACALDtex,0.0
ACALDtpp,0.0
ACANTHAT,0.0
ACBIPGT,0.0
ACCOAC,0.19064950012590445
ACCOAL,0.0
ACGAL1PPpp,0.0
ACGAL1Ptex,0.0
ACGALtex,0.0
ACGAM1PPpp,0.0
ACGAM1Ptex,0.0
ACGAMK,0.0
ACGAMT,0.0
ACGAptspp,0.0
ACGAtex,0.0
ACGK,1.9124759788065737
ACGS,1.9124759788065737
ACHBS,1.648892429231444
ACKr,-97.73637756030858
ACLS,4.96198017946633
ACM6PH,0.0
ACMAMUT,0.0
ACMANAptspp,0.0
ACMANAtex,0.0
ACMUMptspp,0.0
ACMUMtex,0.0
ACNAMt2pp,0.0
ACNAMtex,0.0
ACNML,0.0
ACOAD1f,0.0
ACOAD1fr,1.8292504426007585
ACOAD2f,-1.8292504426007585
ACOAD3f,-1.8292504426007585
ACOAD4f,-1.8292329202056
ACOAD5f,-1.8292329202056
ACOAD6f,-1.591191181973584
ACOAD7f,-0.9925151881803463
ACOAD8f,0.0
ACOATA,0.0
ACODA,1.9124759788065737
ACOLIPAabctex,0.0
ACONIs,0.0
ACONMT,0.0
ACONTa,6.355641400814994
ACONTb,6.355641400814994
ACOTA,-1.9124759788065737
ACOXT,0.0
ACP1_FMN,0.0
ACP1p,0.0
ACPPAT120,0.0
ACPPAT140,0.0
ACPPAT141,0.0
ACPPAT160,0.0
ACPPAT161,0.0
ACPPAT180,0.0
ACPPAT181,0.0
ACPS1,0.0
ACS,0.0
ACSERtex,0.0
ACSERtpp,0.0
ACt2rpp,-101.18904286957991
ACt4pp,0.0
ACtex,-101.18904286957991
ADA,0.0
ADCL,0.0052099921605437164
ADCS,0.0052099921605437164
ADD,0.0
ADEt2rpp,0.0
ADEtex,0.0
ADK1,14.85146230552515
ADK3,0.0
ADK4,0.0
ADMDC,0.03939034431693573
ADNCYC,0.0
ADNK1,0.0485662385817498
ADNUC,0.0
ADNt2pp_copy1,0.0
ADNt2pp_copy2,0.0
ADNtex,0.0
ADOCBIK,0.0
ADOCBLS,0.0
ADOCBLabcpp,0.0
ADOCBLtonex,0.0
ADPRDP,0.0
ADPT,0.0
ADSK,1.4449726351719554
ADSL1r,1.7252959129222538
ADSL2r,2.5665811492855433
ADSS,1.7252959129222538
AGDC,0.0
AGM3PA,0.0
AGM3PApp,0.0
AGM3PH,0.0
AGM3Pt2pp,0.0
AGM4PA,0.0
AGM4PApp,0.0
AGM4PCP,0.0
AGM4PCPpp,0.0
AGM4PH,0.0
AGM4Pt2pp,0.0
AGMH,0.0
AGMHE,0.1904333905856128
AGMT,0.0
AGMt2pp,0.0
AGMtex,0.0
AGPAT120,0.0
AGPAT140,0.0
AGPAT141,0.0
AGPAT160,0.3542502629250399
AGPAT161,0.27553382307341723
AGPAT180,0.0
AGPAT181,0.14200733116513323
AGPR,-1.9124759788065737
AGt3,0.0
AHCYSNS,0.007826669837588071
AHGDx,0.0
AI2K,0.007826669837588071
AI2abcpp,0.0
AI2tex,0.0
AI2tpp,0.0
AICART,3.1042616855310903
AIRC2,2.5665811492855433
AIRC3,-2.5665811492855433
AKGDH,0.0
AKGt2rpp,0.0
AKGtex,0.0
ALAALAD,0.0
ALAALAabcpp,0.019245430682725866
ALAALAr,0.14182626641515914
ALAALAtex,0.0
ALAGLUE,0.0
ALAR,0.14182626641515914
ALATA_D2,0.0
ALATA_L,-3.2107394401124583
ALATA_L2,0.0
ALAabcpp,0.0
ALAt2pp,0.0
ALAt4pp,0.0
ALAtex,0.0
ALAtpp,0.0
ALCD19,0.0
ALCD2x,0.0
ALDD19xr,0.0
ALDD2y,0.0
ALDD3y,0.0
ALDD4,0.0
ALKP,0.0
ALLK,0.0
ALLPI,0.0
ALLTAMH2,0.0
ALLTN,0.0
ALLTNt2rpp,0.0
ALLTNtex,0.0
ALLULPE,0.0
ALLabcpp,0.0
ALLtex,0.0
ALPATE160pp,0.0
ALPATG160pp,0.0
ALR2,0.0
ALR2x,0.0
ALR4x,0.0
ALTRH,0.0
AM3PA,0.0
AM4PA,0.0
AM4PCP,0.0
AMALT1,0.0
AMALT2,0.0
AMALT3,0.0
AMALT4,0.0
AMANAPEr,0.0
AMANK,0.0
AMAOTr,1.1681596772519492e-05
AMMQLT8,0.0013024980401359235
AMPMS2,0.0013024980401359235
AMPN,0.0
AMPNTAT,0.0
AMPTASECG,0.0
AMPTASEPG,0.0
AMPtex,0.0
ANHGMtex,0.0
ANHMK,0.0
ANPRT,0.32261065806667083
ANS,0.32261065806667083
AOBUTDs,0.0
AOXSr2,1.1681596772519492e-05
AP4AH,0.0
AP4AS,0.0
AP5AH,0.0
APCS,0.0
APG3PAT120,0.0
APG3PAT140,0.0
APG3PAT141,0.0
APG3PAT160,0.0
APG3PAT161,0.0
APG3PAT180,0.0
APG3PAT181,0.0
APH120,0.0
APH140,0.0
APH141,0.0
APH160,0.0
APH161,0.0
APH180,0.0
APH181,0.0
APPLDHr,0.0
APRAUR,0.0026049960802723387
ARABDI,0.0
ARAI,0.0
ARBTNR1,0.0
ARBTNR2,0.0
ARBTNR3,0.0
ARBTNabcpp,0.0
ARBTNexs,0.0
ARBTNtex,0.0
ARBTNtonex,0.0
ARBTNtpp,0.0
ARBTptspp,0.0
ARBTtex,0.0
ARBabcpp,0.0
ARBt2rpp,0.0
ARBt3ipp,0.0
ARBtex,0.0
ARGAGMt7pp,0.0
ARGDC,0.0
ARGDCpp,0.0
ARGORNt7pp,0.0
ARGSL,1.6787622721787763
ARGSS,1.6787622721787763
ARGabcpp,0.0
ARGt3pp,0.0
ARGtex,0.0
ARHGDx,0.0
ARMEPNS,0.0
ASAD,-6.1103045053985445
ASCBPL,0.0
ASCBptspp,0.0
ASCBtex,0.0
ASNN,0.0
ASNNpp,0.0
ASNS1,0.0
ASNS2,1.368101887610393
ASNt2rpp,0.0
ASNtex,0.0
ASO3t8pp,0.0
ASO3tex,0.0
ASP1DC,0.003364299870483791
ASPCT,1.870947902280267
ASPK,6.1103045053985445
ASPO3,0.013311179522273823
ASPO4,0.0
ASPO5,0.0
ASPO6,0.0
ASPT,0.0
ASPTA,-16.70477099667896
ASPabcpp,0.0
ASPt2_2pp,0.0
ASPt2_3pp,0.0
ASPt2pp,0.0
ASPtex,0.0
ASPtpp,0.0
ASR,0.0
AST,0.0
ATHRDHr,0.0
ATPHs,0.0
ATPM,6.86
ATPPRT,0.5376805362455273
ATPS4rpp,310.21873279842237
BALAt2pp,0.0
BALAtex,0.0
BETALDHx,0.0
BETALDHy,0.0
BGLA1,0.0
BIOMASS_Ec_iML1515_WT_75p37M,5.840798386259746
BIOMASS_Ec_iML1515_core_75p37M,0.0
BMOCOS,0.0
BMOGDS1,0.0
BMOGDS2,0.0
BPNT,1.4449726351719554
BSORx,0.0
BSORy,0.0
BTNt2ipp,0.0
BTNtex,0.0
BTS5,1.1681596772519492e-05
BUTCT,0.0
BUTSO3abcpp,0.0
BUTSO3tex,0.0
BUTt2rpp,0.0
BUTtex,0.0
BWCOGDS1,0.0
BWCOGDS2,0.0
BWCOS,0.0
CA2t3pp,0.0
CA2tex,0.028923633608758263
CADVtpp,0.0
CAT,0.0
CAt6pp,-0.028923633608758263
CBIAT,0.0
CBItonex,0.0
CBIuabcpp,0.0
CBL1abcpp,0.0013024980401359235
CBL1tonex,0.0013024980401359235
CBLAT,0.0013024980401359235
CBMD,0.0
CBMKr,3.549710174459044
CBPS,0.0
CCGS,0.0
CD2abcpp,0.0
CD2t3pp,0.0
CD2tex,0.0
CD2tpp,0.0
CDAPPA120,0.0
CDAPPA140,0.0
CDAPPA141,0.0
CDAPPA160,0.0
CDAPPA161,0.0
CDAPPA180,0.0
CDAPPA181,0.0
CDGR,0.0
CDGS,0.0
CDGUNPD,0.0
CDPMEK,0.03870113010735704
CDPPH,0.0
CELBpts,0.0
CFAS160E,0.0
CFAS160G,0.0
CFAS180E,0.0
CFAS180G,0.0
CGLYabcpp,0.0
CGLYtex,0.0
CH4t2pp,0.0
CH4tex,0.0
CHLabcpp,0.0
CHLt2pp,0.0
CHLt3pp,0.0
CHLtex,0.0
CHOLATEtpp,0.0
CHOLD,0.0
CHOLID,0.0
CHORM,1.8353949625031039
CHORS,2.17233309901127
CHRPL,0.0013024980401359235
CHTBSptspp,0.0
CHTBStex,0.0
CINNDO,0.0
CITL,0.0
CITt3pp,0.0
CITt7pp,0.0
CITtex,0.0
CLBtex,0.0
CLIPAabctex,0.0
CLPNH120pp,0.0
CLPNH140pp,0.0
CLPNH141pp,0.0
CLPNH160pp,0.0
CLPNH161pp,0.0
CLPNH180pp,0.0
CLPNH181pp,0.0
CLPNS120pp,0.0
CLPNS140pp,0.0
CLPNS141pp,0.0
CLPNS160pp,0.017195310449148692
CLPNS161pp,0.01337542830453482
CLPNS180pp,0.0
CLPNS181pp,0.006892142095786501
CLt3_2pp,0.014461816804379132
CLtex,0.028923633608758263
CLtipp,0.0
CMPN,0.0
CMPtex,0.0
CMtex,0.0
CMtpp,0.0
CO2tex,-65.11040319826526
CO2tpp,-65.11040319826526
COBALT2abcpp,0.0
COBALT2t3pp,0.0
COBALT2tex,0.00014017916127023392
COBALT2tpp,0.00014017916127023392
COLIPAKpp,0.0
COLIPAPabctex,0.0
COLIPAabcpp,0.0476083476464032
COLIPAabctex,0.0476083476464032
CPGNR1,0.0
CPGNR2,0.0
CPGNR3,0.0
CPGNUtex,0.0
CPGNUtpp,0.0
CPGNabcpp,0.0
CPGNexs,0.0
CPGNtonex,0.0
CPH4S,0.0
CPL,0.0
CPMPS,8.177117740763645e-05
CPPPGO,0.002604996080271847
CPPPGO2,0.0
CRNBTCT,0.0
CRNCAL2,0.0
CRNCAR,0.0
CRNCBCT,0.0
CRNCDH,0.0
CRNDCAL2,0.0
CRNDabcpp,0.0
CRNDt2rpp,0.0
CRNDtex,0.0
CRNabcpp,0.0
CRNt2rpp,0.0
CRNt7pp,0.0
CRNt8pp,0.0
CRNtex,0.0
CS,6.355641400814994
CS1tex,0.0
CSND,0.0
CSNt2pp,0.0
CSNtex,0.0
CTBTCAL2,0.0
CTBTabcpp,0.0
CTBTt2rpp,0.0
CTECOAI6,0.0
CTECOAI7,-0.5510676461468345
CTECOAI8,-0.28401466233026645
CTPS2,0.9077652035957172
CU1Opp,0.0
CU1abcpp,0.0
CU2abcpp,0.0
CU2tex,0.003936698112339069
CU2tpp,0.003936698112339069
CURR,0.0
CUt2pp,0.0
CUt3,0.0
CUtex,0.0
CXSAMS,0.0
CYANST,0.0
CYANSTpp,0.0
CYANtex,0.0
CYNTAH,0.0
CYNTt2pp,0.0
CYNTtex,0.0
CYSDDS,0.0
CYSDS,0.0
CYSDabcpp,0.0
CYSDtex,0.0
CYSItex,0.0
CYSItpp,0.0
CYSS,1.4449726351719554
CYSSADS,0.0
CYSTA,0.0
CYSTL,0.9129459917643294
CYSabc2pp,0.0
CYSabcpp,0.0
CYStex,0.0
CYStpp,0.0
CYTBD2pp,0.0
CYTBDpp,0.0
CYTBO3_4pp,199.9921850117592
CYTD,0.0
CYTDH,0.0
CYTDK1,0.0
CYTDK2,0.0
CYTDt2pp_copy1,0.0
CYTDt2pp_copy2,0.0
CYTDtex,0.0
CYTK1,0.9566818900806409
CYTK2,0.0
DAAD,0.0
DADA,0.0
DADK,0.0
DADNt2pp,0.0
DADNtex,0.0
DAGK120,0.0
DAGK140,0.0
DAGK141,0.0
DAGK160,0.0
DAGK161,0.0
DAGK180,0.0
DAGK181,0.0
DALAt2pp,0.14182626641515914
DALAtex,0.0
DAMPtex,0.0
DAPAL,0.0
DAPDC,1.94760254030154
DAPE,2.108674237399425
DAPabcpp,0.0
DAPtex,0.0
DASYN120,0.0
DASYN140,0.0
DASYN141,0.0
DASYN160,0.3542502629250399
DASYN161,0.27553382307341723
DASYN180,0.0
DASYN181,0.14200733116513323
DATPHs,0.0
DB4PS,0.0052099921605446775
DBTS,1.1681596772519492e-05
DC6PDA,0.0
DCAtex,0.0
DCMPtex,0.0
DCTPD,0.0
DCYTD,0.0
DCYTt2pp,0.0
DCYTtex,0.0
DDCAtexi,0.0
DDGALK,0.0
DDGLCNt2rpp,0.0
DDGLCNtex,0.0
DDGLK,0.0
DDPA,2.17233309901127
DDPGALA,0.0
DGK1,0.0
DGMPtex,0.0
DGSNt2pp,0.0
DGSNtex,0.0
DGUNC,0.0
DHACOAH,0.0
DHAD1,4.96198017946633
DHAD2,1.648892429231444
DHAPT,38.5313696403559
DHAtex,0.0
DHAtpp,0.0
DHBD,0.003907494120407771
DHBS,0.003907494120407771
DHBSH,0.0
DHBSZ3FEabcpp,0.0
DHCIND,0.0
DHCINDO,0.0
DHCURR,0.0
DHDPRy,2.108674237399425
DHDPS,2.108674237399425
DHFR,0.15009099613171673
DHFS,0.0052099921605437164
DHGLYH,0.0
DHMPTR,0.0
DHNAOT4,0.002604996080271847
DHNCOAS,0.002604996080271847
DHNCOAT,0.002604996080271847
DHNPA2r,0.0052099921605437164
DHNPTE,0.0
DHORD2,1.870947902280267
DHORD5,0.0
DHORDfum,0.0
DHORTS,-1.870947902280267
DHPPD,0.0
DHPPDA2,0.0026049960802723387
DHPS2,0.0052099921605437164
DHPStex,0.0
DHPStr,0.0
DHPTDCs2,0.0
DHPTDNR,0.0
DHPTDNRN,0.0
DHPTPE,0.0
DHQS,2.17233309901127
DHQTi,2.17233309901127
DIMPtex,0.0
DINSt2pp,0.0
DINStex,0.0
DKGLCNR1,0.0
DKGLCNR2x,0.0
DKGLCNR2y,0.0
DMATT,0.005531236071787977
DMPPS,0.005531236071787977
DMQMT,0.0013024980401359235
DMSOR1,0.0
DMSOR1pp,0.0
DMSOR2,0.0
DMSOR2pp,0.0
DMSOtex,0.0
DMSOtpp,0.0
DMStex,0.0
DM_4crsol_c,0.0013024980401359235
DM_5drib_c,0.0013492244272260015
DM_aacald_c,0.0
DM_amob_c,1.1681596772519492e-05
DM_mththf_c,0.0
DM_oxam_c,0.0
DNMPPA,0.0052099921605437164
DNTPPA,0.0052099921605437164
DOGULNR,0.0
DOPAtex,0.0
DOXRBCNtex,0.0
DOXRBCNtpp,0.0
DPCOAK,0.003364299870483791
DPR,0.003364299870483791
DRPA,0.0
DSBAO1,0.0
DSBAO2,0.0
DSBCGT,0.0
DSBDR,0.0
DSBGGT,0.0
DSERDHr,0.0
DSERt2pp,0.0
DSERtex,0.0
DTARTD,0.0
DTMPK,0.144881003971173
DTMPN,0.0
DTMPtex,0.0
DUMPtex,0.0
DURADx,0.0
DURIK1,0.0
DURIPP,0.0
DURIt2pp,0.0
DURItex,0.0
DUTPDP,0.144881003971173
DXPRIi,0.03870113010735704
DXPS,0.04130612618762889
DXYLK,0.0
DXYLONtex,0.0
DXYLONtpp,0.0
DXYLTD,0.0
D_LACt2pp,0.0
D_LACtex,0.0
E4PD,-0.003907494120407793
E4PP,0.0
EAR100x,0.0
EAR100y,0.0
EAR120x,0.0
EAR120y,0.0
EAR121x,0.0
EAR121y,0.0
EAR140x,0.0
EAR140y,0.0
EAR141x,0.0
EAR141y,0.0
EAR160x,0.0
EAR160y,0.0
EAR161x,0.0
EAR161y,0.0
EAR180x,0.0
EAR180y,0.0
EAR181x,0.0
EAR181y,0.0
EAR40x,0.0
EAR40y,0.0
EAR60x,0.0
EAR60y,0.0
EAR80x,0.0
EAR80y,0.0
ECA4COLIPAabctex,0.0
ECA4OALpp,0.0
ECAP1pp,0.0
ECAP2pp,0.0
ECAP3pp,0.0
ECAtpp,0.0
ECOAH1,1.8292504426007585
ECOAH2,1.8292504426007585
ECOAH3,1.8292504426007585
ECOAH4,1.8292329202056
ECOAH5,1.8292329202056
ECOAH6,1.591191181973584
ECOAH7,1.5435828343271807
ECOAH8,0.28401466233026645
EDA,0.0
EDD,0.0
EDTXS1,0.0476083476464032
EDTXS2,0.0476083476464032
EDTXS3,0.0
EDTXS4,0.0
EGMEACPR,1.1681596772531176e-05
ENLIPAabctex,0.0
ENO,162.7490194221208
ENTCS,0.0013024980401359235
ENTERES,0.0
EPMEACPR,1.1681596772531176e-05
ETHAAL,0.0
ETHAt2pp,0.0
ETHAtex,0.0
ETHSO3abcpp,0.0
ETHSO3tex,0.0
ETOHtex,0.0
ETOHtrpp,0.0
EX_12ppd__R_e,0.0
EX_12ppd__S_e,0.0
EX_14glucan_e,0.0
EX_15dap_e,0.0
EX_23camp_e,0.0
EX_23ccmp_e,0.0
EX_23cgmp_e,0.0
EX_23cump_e,0.0
EX_23dappa_e,0.0
EX_26dap__M_e,0.0
EX_2ddglcn_e,0.0
EX_2dglc_e,0.0
EX_2ppoh_e,0.0
EX_34dhpac_e,0.0
EX_3amp_e,0.0
EX_3cmp_e,0.0
EX_3gmp_e,0.0
EX_3hcinnm_e,0.0
EX_3hpp_e,0.0
EX_3hpppn_e,0.0
EX_3ump_e,0.0
EX_4abut_e,0.0
EX_4abzglu_e,0.0
EX_4hoxpacd_e,0.0
EX_5dglcn_e,0.0
EX_5mtr_e,0.03939034431693573
EX_LalaDgluMdapDala_e,0.0
EX_LalaDgluMdap_e,0.0
EX_LalaDglu_e,0.0
EX_LalaLglu_e,0.0
EX_ac_e,101.18904286957991
EX_acac_e,0.0
EX_acald_e,0.0
EX_acetone_e,0.0
EX_acgal1p_e,0.0
EX_acgal_e,0.0
EX_acgam1p_e,0.0
EX_acgam_e,0.0
EX_acmana_e,0.0
EX_acmum_e,0.0
EX_acnam_e,0.0
EX_acser_e,0.0
EX_ade_e,0.0
EX_adn_e,0.0
EX_adocbl_e,0.0
EX_ag_e,0.0
EX_agm_e,0.0
EX_akg_e,0.0
EX_ala_B_e,0.0
EX_ala__D_e,0.0
EX_ala__L_e,0.0
EX_alaala_e,0.0
EX_all__D_e,0.0
EX_alltn_e,0.0
EX_amp_e,0.0
EX_anhgm_e,0.0
EX_arab__L_e,0.0
EX_arbt_e,0.0
EX_arbtn_e,0.0
EX_arbtn_fe3_e,0.0
EX_arg__L_e,0.0
EX_ascb__L_e,0.0
EX_asn__L_e,0.0
EX_aso3_e,0.0
EX_asp__L_e,0.0
EX_btn_e,0.0
EX_but_e,0.0
EX_butso3_e,0.0
EX_ca2_e,-0.028923633608758263
EX_cbi_e,0.0
EX_cbl1_e,-0.0013024980401359235
EX_cd2_e,0.0
EX_cellb_e,0.0
EX_cgly_e,0.0
EX_ch4_e,0.0
EX_chol_e,0.0
EX_chtbs_e,0.0
EX_cit_e,0.0
EX_cl_e,-0.028923633608758263
EX_cm_e,0.0
EX_cmp_e,0.0
EX_co2_e,65.11040319826526
EX_cobalt2_e,-0.00014017916127023392
EX_cpgn_e,0.0
EX_cpgn_un_e,0.0
EX_crn__D_e,0.0
EX_crn_e,0.0
EX_cs1_e,0.0
EX_csn_e,0.0
EX_cu2_e,-0.003936698112339069
EX_cu_e,0.0
EX_cyan_e,0.0
EX_cynt_e,0.0
EX_cys__D_e,0.0
EX_cys__L_e,0.0
EX_cytd_e,0.0
EX_dad_2_e,0.0
EX_damp_e,0.0
EX_dca_e,0.0
EX_dcmp_e,0.0
EX_dcyt_e,0.0
EX_ddca_e,0.0
EX_dgmp_e,0.0
EX_dgsn_e,0.0
EX_dha_e,0.0
EX_dhps_e,0.0
EX_dimp_e,0.0
EX_din_e,0.0
EX_dms_e,0.0
EX_dmso_e,0.0
EX_dopa_e,0.0
EX_doxrbcn_e,0.0
EX_dtmp_e,0.0
EX_dump_e,0.0
EX_duri_e,0.0
EX_dxylnt_e,0.0
EX_eca4colipa_e,0.0
EX_enlipa_e,0.0
EX_enter_e,0.0
EX_etha_e,0.0
EX_ethso3_e,0.0
EX_etoh_e,0.0
EX_f6p_e,0.0
EX_fad_e,0.0
EX_fald_e,0.0
EX_fe2_e,-0.047304626130317676
EX_fe3_e,-0.04338545041313739
EX_fe3dcit_e,0.0
EX_fe3dhbzs_e,0.0
EX_fe3hox_e,0.0
EX_fe3hox_un_e,0.0
EX_fecrm_e,0.0
EX_fecrm_un_e,0.0
EX_feenter_e,0.0
EX_feoxam_e,0.0
EX_feoxam_un_e,0.0
EX_fmn_e,0.0
EX_for_e,93.42771599047502
EX_fru_e,0.0
EX_frulys_e,0.0
EX_fruur_e,0.0
EX_fuc__L_e,0.0
EX_fum_e,0.0
EX_fusa_e,0.0
EX_g1p_e,0.0
EX_g3pc_e,0.0
EX_g3pe_e,0.0
EX_g3pg_e,0.0
EX_g3pi_e,0.0
EX_g3ps_e,0.0
EX_g6p_e,0.0
EX_gal1p_e,0.0
EX_gal_bD_e,0.0
EX_gal_e,0.0
EX_galct__D_e,0.0
EX_galctn__D_e,0.0
EX_galctn__L_e,0.0
EX_galt_e,0.0
EX_galur_e,0.0
EX_gam6p_e,0.0
EX_gam_e,0.0
EX_gbbtn_e,0.0
EX_gdp_e,0.0
EX_glc__D_e,-100.00000000000163
EX_glcn_e,0.0
EX_glcr_e,0.0
EX_glcur1p_e,0.0
EX_glcur_e,0.0
EX_gln__L_e,0.0
EX_glu__L_e,0.0
EX_gly_e,0.0
EX_glyald_e,0.0
EX_glyb_e,0.0
EX_glyc2p_e,0.0
EX_glyc3p_e,0.0
EX_glyc__R_e,0.0
EX_glyc_e,0.0
EX_glyclt_e,0.0
EX_gmp_e,0.0
EX_gsn_e,0.0
EX_gthox_e,0.0
EX_gthrd_e,0.0
EX_gtp_e,0.0
EX_gua_e,0.0
EX_h2_e,0.0
EX_h2o2_e,0.0
EX_h2o_e,216.9641756461502
EX_h2s_e,0.0
EX_h_e,246.56743054432818
EX_hacolipa_e,0.0
EX_halipa_e,0.0
EX_hdca_e,0.0
EX_hdcea_e,0.0
EX_hg2_e,0.0
EX_his__L_e,0.0
EX_hom__L_e,0.0
EX_hxa_e,0.0
EX_hxan_e,0.0
EX_idon__L_e,0.0
EX_ile__L_e,0.0
EX_imp_e,0.0
EX_indole_e,0.0
EX_inost_e,0.0
EX_ins_e,0.0
EX_isetac_e,0.0
EX_k_e,-1.0845778523445722
EX_lac__D_e,0.0
EX_lac__L_e,0.0
EX_lcts_e,0.0
EX_leu__L_e,0.0
EX_lipoate_e,0.0
EX_lys__L_e,0.0
EX_lyx__L_e,0.0
EX_mal__D_e,0.0
EX_mal__L_e,0.0
EX_malt_e,0.0
EX_malthx_e,0.0
EX_maltpt_e,0.0
EX_malttr_e,0.0
EX_maltttr_e,0.0
EX_man6p_e,0.0
EX_man_e,0.0
EX_manglyc_e,0.0
EX_melib_e,0.0
EX_meoh_e,1.1681596772531176e-05
EX_mepn_e,0.0
EX_met__D_e,0.0
EX_met__L_e,0.0
EX_metglcur_e,0.0
EX_metsox_R__L_e,0.0
EX_metsox_S__L_e,0.0
EX_mg2_e,-0.048204109081801685
EX_mincyc_e,0.0
EX_minohp_e,0.0
EX_mmet_e,0.0
EX_mn2_e,-0.0038432453381589127
EX_mnl_e,0.0
EX_mobd_e,-0.00012265676611145467
EX_mso3_e,0.0
EX_mththf_e,0.0
EX_n2o_e,0.0
EX_na1_e,0.0
EX_nac_e,0.0
EX_nh4_e,-61.49825683599397
EX_ni2_e,-0.001793125104581742
EX_nmn_e,0.0
EX_no2_e,0.0
EX_no3_e,0.0
EX_no_e,0.0
EX_novbcn_e,0.0
EX_o2_e,-100.0
EX_o2s_e,0.0
EX_ocdca_e,0.0
EX_ocdcea_e,0.0
EX_octa_e,0.0
EX_orn_e,0.0
EX_orot_e,0.0
EX_pacald_e,0.0
EX_peamn_e,0.0
EX_phe__L_e,0.0
EX_pheme_e,0.0
EX_pi_e,-5.499876825252452
EX_pnto__R_e,0.0
EX_ppa_e,0.0
EX_ppal_e,0.0
EX_pppn_e,0.0
EX_ppt_e,0.0
EX_pro__L_e,0.0
EX_progly_e,0.0
EX_psclys_e,0.0
EX_pser__L_e,0.0
EX_ptrc_e,0.0
EX_pydam_e,0.0
EX_pydx_e,0.0
EX_pydxn_e,0.0
EX_pyr_e,0.0
EX_quin_e,0.0
EX_r5p_e,0.0
EX_rfamp_e,0.0
EX_rib__D_e,0.0
EX_rmn_e,0.0
EX_sbt__D_e,0.0
EX_sel_e,0.0
EX_ser__D_e,0.0
EX_ser__L_e,0.0
EX_skm_e,0.0
EX_slnt_e,0.0
EX_so2_e,0.0
EX_so3_e,0.0
EX_so4_e,-1.469071769313663
EX_spmd_e,0.0
EX_sq_e,0.0
EX_succ_e,0.0
EX_sucr_e,0.0
EX_sulfac_e,0.0
EX_tartr__D_e,0.0
EX_tartr__L_e,0.0
EX_taur_e,0.0
EX_tcynt_e,0.0
EX_thm_e,0.0
EX_thr__L_e,0.0
EX_thrp_e,0.0
EX_thym_e,0.0
EX_thymd_e,0.0
EX_tma_e,0.0
EX_tmao_e,0.0
EX_tre_e,0.0
EX_trp__L_e,0.0
EX_tsul_e,0.0
EX_ttdca_e,0.0
EX_ttdcea_e,0.0
EX_ttrcyc_e,0.0
EX_tungs_e,0.0
EX_tym_e,0.0
EX_tyr__L_e,0.0
EX_tyrp_e,0.0
EX_uacgam_e,0.0
EX_udpacgal_e,0.0
EX_udpg_e,0.0
EX_udpgal_e,0.0
EX_udpglcur_e,0.0
EX_ump_e,0.0
EX_ura_e,0.0
EX_urate_e,0.0
EX_urea_e,0.0
EX_uri_e,0.0
EX_val__L_e,0.0
EX_xan_e,0.0
EX_xmp_e,0.0
EX_xtsn_e,0.0
EX_xyl__D_e,0.0
EX_xylu__L_e,0.0
EX_zn2_e,-0.001892418677148158
F1PP,0.0
F6PA,38.5313696403559
F6PP,0.0
F6Pt6_2pp,0.0
F6Ptex,0.0
FA100ACPHi,0.0
FA120ACPHi,0.0
FA140ACPHi,0.0
FA141ACPHi,0.0
FA160ACPHi,0.0
FA161ACPHi,0.0
FA80ACPHi,0.0
FACOAE100,0.0
FACOAE120,0.238041738232016
FACOAE140,0.0476083476464032
FACOAE141,0.0
FACOAE160,0.7085005258500798
FACOAE161,0.5510676461468345
FACOAE180,0.0
FACOAE181,0.28401466233026645
FACOAE60,0.0
FACOAE80,1.752239515877924e-05
FACOAL100t2pp,0.0
FACOAL120t2pp,0.0
FACOAL140t2pp,0.0
FACOAL141t2pp,0.0
FACOAL160t2pp,0.0
FACOAL161t2pp,0.0
FACOAL180t2pp,0.0
FACOAL181t2pp,0.0
FACOAL60t2pp,0.0
FACOAL80t2pp,0.0
FADRx,11.734450157116758
FADRx2,0.0
FADt,0.0
FADtex,0.0
FALDH2,0.0
FALDtex,0.0
FALDtpp,0.0
FALGTHLs,0.0
FBA,33.1709064406229
FBA3,10.425922466113432
FBP,0.0
FCI,0.0
FCLK,0.0
FCLPA,0.0
FCLT,0.002604996080271847
FDH4pp,0.0
FDH5pp,0.0
FDMO,0.0
FDMO2,0.0
FDMO3,0.0
FDMO4,0.0
FDMO6,0.0
FE2abcpp,0.0
FE2t2pp,0.0
FE2t3pp,0.0
FE2tex,0.047304626130317676
FE2tpp,0.047304626130317676
FE3DCITR5,0.0
FE3DCITabcpp,0.0
FE3DCITexs,0.0
FE3DCITtonex,0.0
FE3DHBZS3R,0.0
FE3DHBZStonex,0.0
FE3HOXR1,0.0
FE3HOXR2,0.0
FE3HOXR3,0.0
FE3HOXUtex,0.0
FE3HOXUtpp,0.0
FE3HOXabcpp,0.0
FE3HOXexs,0.0
FE3HOXtonex,0.0
FE3Ri,0.0
FE3abcpp,0.04338545041313739
FE3tex,0.04338545041313739
FECRMR1,0.0
FECRMR2,0.0
FECRMR3,0.0
FECRMUtex,0.0
FECRMUtpp,0.0
FECRMabcpp,0.0
FECRMexs,0.0
FECRMtonex,0.0
FEENTERES,0.0
FEENTERR1,0.0
FEENTERR2,0.0
FEENTERR3,0.0
FEENTERR4,0.0
FEENTERabcpp,0.0
FEENTERexs,0.0
FEENTERtex,0.0
FEENTERtonex,0.0
FEENTERtpp,0.0
FEOXAMR1,0.0
FEOXAMR2,0.0
FEOXAMR3,0.0
FEOXAMUtex,0.0
FEOXAMUtpp,0.0
FEOXAMabcpp,0.0
FEOXAMexs,0.0
FEOXAMtonex,0.0
FEROpp,0.0
FESD1s,0.0
FESD2s,0.0
FESR,0.0
FHL,0.0
FLDR2,0.0
FLVR,0.0
FLVRx,0.0
FMNAT,0.0013024980401364155
FMNRx,0.0
FMNRx2,0.0
FMNt,0.0
FMNtex,0.0
FOMETRi,0.0
FORCT,0.0
FORt2pp,0.0
FORtex,-93.42771599047502
FORtppi,93.42771599047502
FRD2,0.0
FRD3,0.0
FRUK,0.0
FRULYSDG,0.0
FRULYSE,0.0
FRULYSK,0.0
FRULYSt2pp,0.0
FRULYStex,0.0
FRUURt2rpp,0.0
FRUURtex,0.0
FRUpts2pp,0.0
FRUptspp,0.0
FRUtex,0.0
FTHFD,0.0
FTHFLi,0.0
FUCtex,0.0
FUCtpp,0.0
FUM,5.970066936144779
FUMt1pp,0.0
FUMt2_2pp,0.0
FUMt2_3pp,0.0
FUMtex,0.0
FUSAtex,0.0
FUSAtpp,0.0
Ftex,0.0
Ftpp,0.0
G1PACT,0.4173600894885764
G1PP,0.0
G1PPpp,0.0
G1PTT,0.0476083476464032
G1Ptex,0.0
G1SAT,0.031259952963262165
G2PP,0.0
G2PPpp,0.0
G3PAT120,0.0
G3PAT140,0.0
G3PAT141,0.0
G3PAT160,0.3542502629250399
G3PAT161,0.27553382307341723
G3PAT180,0.0
G3PAT181,0.14200733116513323
G3PCabcpp,0.0
G3PCtex,0.0
G3PD2,-0.9441300143485705
G3PD5,0.0
G3PD6,0.0
G3PD7,0.0
G3PEabcpp,0.0
G3PEtex,0.0
G3PGabcpp,0.0
G3PGtex,0.0
G3PIabcpp,0.0
G3PItex,0.0
G3PSabcpp,0.0
G3PStex,0.0
G3PT,0.0
G5SADs,1.2545918117718209
G5SD,1.2545918117718209
G6PDA,0.0
G6PDH2r,34.999243771742556
G6PP,0.0
G6Pt6_2pp,0.0
G6Ptex,0.0
GAL1PPpp,0.0
GAL1Ptex,0.0
GALBDtex,0.0
GALCTD,0.0
GALCTLO,0.0
GALCTND,0.0
GALCTNLt2pp,0.0
GALCTNLtex,0.0
GALCTNt2pp,0.0
GALCTNtex,0.0
GALCTt2rpp,0.0
GALCTtex,0.0
GALKr,0.0
GALM2pp,0.0
GALS3,0.0
GALT1,0.0476083476464032
GALTptspp,0.0
GALTtex,0.0
GALURt2rpp,0.0
GALURtex,0.0
GALUi,0.1904333905856128
GALabcpp,0.0
GALt2pp,0.0
GALtex,0.0
GAM6Pt6_2pp,0.0
GAMAN6Ptex,0.0
GAMptspp,0.0
GAMtex,0.0
GAPD,172.03601735383842
GAPP,0.0
GARFT,1.874218749376554
GART,0.6936648979491249
GBBTNtex,0.0
GCALDD,0.0
GDMANE,0.0
GDPDPK,0.0
GDPMNH,0.0
GDPMNP,0.0
GDPTPDP,0.0
GDPtex,0.0
GF6PTA,0.4173600894885764
GGGABADr,0.0
GGGABAH,0.0
GGPTRCO,0.0
GGPTRCS,0.0
GHBDHx,0.0
GHMT2r,6.0514058944716265
GK1,1.3789657726088365
GLBRAN2,0.0
GLCATr,0.0
GLCDpp,0.0
GLCNt2rpp,0.0
GLCNtex,0.0
GLCP,0.0
GLCP2,0.0
GLCRAL,0.0
GLCRD,0.0
GLCRt2rpp,0.0
GLCRtex,0.0
GLCS1,0.9005751807822314
GLCTR1,0.0476083476464032
GLCTR2,0.0476083476464032
GLCTR3,0.0476083476464032
GLCUR1Ptex,0.0
GLCURt2rpp,0.0
GLCURtex,0.0
GLCabcpp,0.0
GLCptspp,100.00000000000163
GLCt2pp,0.0
GLCtex_copy1,100.00000000000163
GLCtex_copy2,0.0
GLDBRAN2,0.0
GLGC,0.9005751807822314
GLNS,8.819956011155645
GLNabcpp,0.0
GLNtex,0.0
GLTPD,0.0
GLU5K,1.2545918117718209
GLUABUTt7pp,0.0
GLUCYS,0.0013024980401359235
GLUDC,0.0
GLUDy,-48.553371302905276
GLUN,0.0
GLUNpp,0.0
GLUPRT,2.567883647325679
GLUR,-0.16107169709788502
GLUSy,0.0
GLUTRR,0.031259952963262165
GLUTRS,0.031259952963262165
GLUabcpp,0.0
GLUt2rpp,-0.028923633608758263
GLUt4pp,0.028923633608758263
GLUtex,0.0
GLXCL,0.0
GLYALDtex,0.0
GLYALDtpp,0.0
GLYAT,0.0
GLYBabcpp,0.0
GLYBt2pp,0.0
GLYBt3pp,0.0
GLYBtex,0.0
GLYC2Pabcpp,0.0
GLYC2Ptex,0.0
GLYC3Pabcpp,0.0
GLYC3Pt6pp,0.0
GLYC3Ptex,0.0
GLYCAt2rpp,0.0
GLYCAtex,0.0
GLYCDx,0.0
GLYCK,0.0
GLYCK2,0.0
GLYCL,0.0
GLYCLTDx,0.0
GLYCLTDy,0.0
GLYCLTt2rpp,0.0
GLYCLTt4pp,0.0
GLYCLTtex,0.0
GLYCTO2,0.0
GLYCTO3,0.0
GLYCTO4,0.0
GLYCtex,0.0
GLYCtpp,-0.03746288084947001
GLYK,0.03746288084947001
GLYOX,0.0
GLYOX3,0.0
GLYt2pp,0.0
GLYt4pp,0.0
GLYtex,0.0
GLYtpp,0.0
GMAND,0.0
GMHEPAT,0.1904333905856128
GMHEPK,0.1904333905856128
GMHEPPA,0.1904333905856128
GMPN,0.0
GMPR,0.0
GMPS,1.3789657726088365
GMPS2,0.0
GMPtex,0.0
GND,34.999243771742556
GNK,0.0
GNP,0.0
GOFUCR,0.0
GP4GH,0.0
GPDDA1,0.0
GPDDA1pp,0.0
GPDDA2,0.0
GPDDA2pp,0.0
GPDDA3,0.0
GPDDA3pp,0.0
GPDDA4,0.0
GPDDA4pp,0.0
GPDDA5,0.0
GPDDA5pp,0.0
GRTT,0.005531236071787977
GRXR,0.0
GSNK,0.0
GSNt2pp,0.0
GSNt3pp,0.0
GSNtex,0.0
GSPMDA,0.0
GSPMDS,0.0
GTHOXtex,0.0
GTHOr,0.0
GTHPi,0.0
GTHRDHpp,0.0
GTHRDabc2pp,0.0
GTHRDabcpp,0.0
GTHRDtex,0.0
GTHS,0.0013024980401359235
GTPCI,0.0052099921605437164
GTPCII2,0.0026049960802723387
GTPDPDP,0.0
GTPDPK,0.0
GTPHs,0.0
GTPtex,0.0
GUACYC,0.0
GUAD,0.0
GUAPRT,0.0
GUAt2pp,0.0
GUAtex,0.0
GUAtpp,0.0
GUI1,0.0
GUI2,0.0
GUR1PPpp,0.0
H2O2tex,0.0
H2Otex,-216.9641756461502
H2Otpp,-217.08203127598816
H2SO,0.0
H2St1pp,0.0
H2Stex,0.0
H2tex,0.0
H2tpp,0.0
HACD1,1.8292504426007585
HACD2,1.8292504426007585
HACD3,1.8292504426007585
HACD4,1.8292329202056
HACD5,1.8292329202056
HACD6,1.591191181973584
HACD7,1.5435828343271807
HACD8,0.28401466233026645
HADPCOADH3,0.0
HBZOPT,0.0013024980401359235
HCINNMt2rpp,0.0
HCINNMtex,0.0
HCO3E,2.7572306494114476
HCXA_B,0.0
HCXA_G,0.0
HCXB_G,0.0
HCXB_HPPx,0.0
HCXB_HPPy,0.0
HCXB_PPx,0.0
HCXB_PPy,0.0
HCYSMT,0.0
HCYSMT2,0.0
HDCAtexi,0.0
HDCEAtexi,0.0
HEMEOS,0.0013024980401359235
HEPK1,0.0476083476464032
HEPK2,0.0476083476464032
HEPT1,0.0476083476464032
HEPT2,0.0476083476464032
HEPT3,0.0476083476464032
HEPT4,0.0476083476464032
HETZK,0.0
HEX1,0.0
HEX4,0.0
HEX7,0.0
HEXt2rpp,0.0
HG2abcpp,0.0
HG2t3pp,0.0
HG2tex,0.0
HISTD,0.5376805362455273
HISTP,0.5376805362455273
HISabcpp,0.0
HISt2rpp,0.0
HIStex,0.0
HKNDDH,0.0
HKNTDH,0.0
HMBS,0.003907494120407771
HMPK1,0.0
HOMt2pp,0.0
HOMtex,0.0
HOPNTAL,0.0
HPACOAT,0.0
HPPK2,0.0052099921605437164
HPPPNDO,0.0
HPPPNt2rpp,0.0
HPPPNtex,0.0
HPYRI,0.0
HPYRP,0.0
HPYRRx,0.0
HPYRRy,0.0
HSDy,-4.0016302679991185
HSK,3.0886842762347895
HSST,0.9129459917643294
HSTPT,0.5376805362455273
HXAND,0.0
HXAtex,0.0
HXCT,0.0
HXPA_M,0.0
HXPA_S,0.0
HXPRT,0.0
HYD1pp,0.0
HYD2pp,0.0
HYD3pp,0.0
HYPOE,0.0
HYXNtex,0.0
HYXNtpp,0.0
Htex,-246.56743054432818
I2FE2SR,1.1681596772519492e-05
I2FE2SS,0.001594537959448911
I2FE2SS2,0.0014660403949511966
I2FE2ST,0.00014017916127023392
I4FE4SR,0.0014660403949511966
I4FE4ST,0.0014660403949511966
ICDHyr,6.355641400814994
ICHORS_copy1,0.006512490200679618
ICHORS_copy2,0.0
ICHORT,0.003907494120407771
ICL,0.0
ICYSDS,0.00759887870052393
IDOND,0.0
IDOND2,0.0
IDONt2rpp,0.0
IDONtex,0.0
IG3PS,0.5376805362455273
IGPDH,0.5376805362455273
IGPS,0.32261065806667083
ILETA,-1.648892429231444
ILEabcpp,0.0
ILEt2rpp,0.0
ILEt3pp,0.0
ILEtex,0.0
IMPC,-3.1042616855310903
IMPD,1.3789657726088365
IMPN,0.0
IMPtex,0.0
INDOLEt2pp,0.0
INDOLEt2rpp,0.0
INDOLEtex,0.0
INOSTO,0.0
INOSTt4pp,0.0
INSH,0.0
INSK,0.0
INSTtex,0.0
INSt2pp,0.0
INSt3pp,0.0
INStex,0.0
IPDDI,0.0
IPDPS,0.03316989403556907
IPMD,2.556973035940019
IPPMIa,-2.556973035940019
IPPMIb,-2.556973035940019
IPPS,2.556973035940019
IPRNADH,0.0
IPRNADPH,0.0
ISETACabcpp,0.0
ISETACtex,0.0
K2L4Aabcpp,0.0
K2L4Aabctex,0.0
KARA1,-4.96198017946633
KARA2,1.648892429231444
KAS14,0.0
KAS15,0.0
KDOCT2,0.14282504293920958
KDOPP,0.14282504293920958
KDOPS,0.14282504293920958
KDUI,0.0
KG6PDC,0.0
Kabcpp,0.0
Kt2pp,1.0845778523445722
Kt3pp,0.0
Ktex,1.0845778523445722
LA4NTpp,0.0
LACZ,0.0
LACZpp,0.0
LADGMDH,0.0
LALADGLUtex,0.0
LALADGLUtpp,0.0
LALALGLUtex,0.0
LALALGLUtpp,0.0
LALDO2x,0.0
LALDO3,0.0
LALGP,0.0
LCADi,0.0
LCARS,0.0
LCARSyi,0.0
LCTSt3ipp,0.0
LCTStex,0.0
LCTStpp,0.0
LDGUNPD,0.0
LDH_D,0.0
LDH_D2,0.0
LEUTAi,2.556973035940019
LEUabcpp,0.0
LEUt2rpp,0.0
LEUt3pp,0.0
LEUtex,0.0
LGTHL,0.0
LIPACabcpp,0.0
LIPAHT2ex,0.0
LIPAHTex,0.0
LIPAMPL,0.0
LIPATPT,0.0
LIPAabcpp,0.0
LIPAabctex,0.0
LIPOCT,0.0
LIPOS,1.752239515877924e-05
LIPOt2pp,0.0
LIPOtex,0.0
LKDRA,0.0
LPADSS,0.0476083476464032
LPLIPAL1A120pp,0.0
LPLIPAL1A140pp,0.0
LPLIPAL1A141pp,0.0
LPLIPAL1A160pp,0.0
LPLIPAL1A161pp,0.0
LPLIPAL1A180pp,0.0
LPLIPAL1A181pp,0.0
LPLIPAL1E120pp,0.0
LPLIPAL1E140pp,0.0
LPLIPAL1E141pp,0.0
LPLIPAL1E160pp,0.0
LPLIPAL1E161pp,0.0
LPLIPAL1E180pp,0.0
LPLIPAL1E181pp,0.0
LPLIPAL1G120pp,0.0
LPLIPAL1G140pp,0.0
LPLIPAL1G141pp,0.0
LPLIPAL1G160pp,0.0
LPLIPAL1G161pp,0.0
LPLIPAL1G180pp,0.0
LPLIPAL1G181pp,0.0
LPLIPAL2A120,0.0
LPLIPAL2A140,0.0
LPLIPAL2A141,0.0
LPLIPAL2A160,0.0
LPLIPAL2A161,0.0
LPLIPAL2A180,0.0
LPLIPAL2A181,0.0
LPLIPAL2ATE120,0.0
LPLIPAL2ATE140,0.0
LPLIPAL2ATE141,0.0
LPLIPAL2ATE160,0.0
LPLIPAL2ATE161,0.0
LPLIPAL2ATE180,0.0
LPLIPAL2ATE181,0.0
LPLIPAL2ATG120,0.0
LPLIPAL2ATG140,0.0
LPLIPAL2ATG141,0.0
LPLIPAL2ATG160,0.0
LPLIPAL2ATG161,0.0
LPLIPAL2ATG180,0.0
LPLIPAL2ATG181,0.0
LPLIPAL2E120,0.0
LPLIPAL2E140,0.0
LPLIPAL2E141,0.0
LPLIPAL2E160,0.0
LPLIPAL2E161,0.0
LPLIPAL2E180,0.0
LPLIPAL2E181,0.0
LPLIPAL2G120,0.0
LPLIPAL2G140,0.0
LPLIPAL2G141,0.0
LPLIPAL2G160,0.0
LPLIPAL2G161,0.0
LPLIPAL2G180,0.0
LPLIPAL2G181,0.0
LSERDHr,0.0
LYSAM,0.0
LYSDC,0.0
LYSabcpp,0.0
LYSt2pp,0.0
LYSt3pp,0.0
LYStex,0.0
LYXI,0.0
LYXt2pp,0.0
LYXtex,0.0
L_LACD2,0.0
L_LACD3,0.0
L_LACt2rpp,0.0
L_LACtex,0.0
M1PD,0.0
MACPD,0.0
MALCOAMT,1.1681596772531176e-05
MALDDH,0.0
MALDt2_2pp,0.0
MALDtex,0.0
MALS,0.0
MALTATr,0.0
MALTHXabcpp,0.0
MALTHXtexi,0.0
MALTPTabcpp,0.0
MALTPTtexi,0.0
MALTTRabcpp,0.0
MALTTRtexi,0.0
MALTTTRabcpp,0.0
MALTTTRtexi,0.0
MALTabcpp,0.0
MALTptspp,0.0
MALTtexi,0.0
MALt2_2pp,0.0
MALt2_3pp,0.0
MALt3pp,0.0
MALtex,0.0
MAN1PT2,0.0
MAN6PI,0.0
MAN6Pt6_2pp,0.0
MAN6Ptex,0.0
MANAO,0.0
MANGLYCptspp,0.0
MANGLYCtex,0.0
MANPGH,0.0
MANptspp,0.0
MANtex,0.0
MC6PH,0.0
MCITD,0.0
MCITL2,0.0
MCITS,0.0
MCOATA,0.19045675377915783
MCPST,0.0
MCTP1App,0.035354352632030246
MCTP1Bpp,0.007855873829519359
MCTP2App,0.003930857313952809
MDDCP1pp,0.031820669608343094
MDDCP2pp,0.003930857313952809
MDDCP3pp,0.031429336116463695
MDDCP4pp,0.031429336116463695
MDDCP5pp,0.0
MDDEP1pp,0.0
MDDEP2pp,0.0
MDDEP3pp,0.0
MDDEP4pp,0.0
MDH,5.970066936144779
MDH2,0.0
MDH3,0.0
ME1,0.0
ME2,0.0
MECDPDH5,0.03870113010735704
MECDPS,0.03870113010735704
MELIBt2pp,0.0
MELIBt3ipp,0.0
MELIBtex,0.0
MEOHtex,-1.1681596772531176e-05
MEOHtrpp,-1.1681596772531176e-05
MEPCT,0.03870113010735704
MEPNabcpp,0.0
MEPNtex,0.0
METAT,0.04988041821865824
METDabcpp,0.0
METDtex,0.0
METGLCUR,0.0
METGLCURt2pp,0.0
METGLCURtex,0.0
METNA,0.0
METOX1s,0.0
METOX2s,0.0
METS,0.9207726616019176
METSOX1abcpp,0.0
METSOX1tex,0.0
METSOX2abcpp,0.0
METSOX2tex,0.0
METSOXR1,0.0
METSOXR2,0.0
METabcpp,0.0
METt3pp,0.0
METtex,0.0
MG2t3_2pp,0.048204109081801685
MG2tex,0.048204109081801685
MG2tpp,0.0
MG2uabcpp,0.0
MGSA,0.0
MI1PP,0.0
MICITDr,0.0
MINCYCtex,0.0
MINCYCtpp,0.0
MINOHPtexi,0.0
MLDCP1App,0.003533683023687146
MLDCP1Bpp,0.0
MLDCP2App,0.0
MLDCP2Bpp,0.0
MLDCP3App,0.007855873829519359
MLDEP1pp,0.007855873829519359
MLDEP2pp,0.0
MLTG1,0.0
MLTG2,0.0
MLTG3,0.0
MLTG4,0.0
MLTG5,0.0
MLTGY1pp,0.0
MLTGY2pp,0.0
MLTGY3pp,0.0
MLTGY4pp,0.0
MLTP1,0.0
MLTP2,0.0
MLTP3,0.0
MMCD,0.0
MMETt2pp,0.0
MMETtex,0.0
MMM,0.0
MN2t3pp,0.0
MN2tipp,0.0
MN2tpp,0.0038432453381589127
MN6PP,0.0
MNLptspp,0.0
MNLtex,0.0
MNNH,0.0
MNt2pp,0.0
MNtex,0.0038432453381589127
MOADSUx,0.0001635423548152729
MOAT,0.0476083476464032
MOAT2,0.0476083476464032
MOAT3C,0.0476083476464032
MOBDabcpp,0.00012265676611145467
MOBDtex,0.00012265676611145467
MOCDS,4.088558870381822e-05
MOCOS,8.177117740763645e-05
MOGDS,4.088558870381822e-05
MOHMT,0.003364299870483791
MOX,0.0
MPTAT,8.177117740763645e-05
MPTG,0.0785704198919661
MPTG2,0.003930857313952809
MPTS,8.177117740763645e-05
MPTSS,0.0001635423548152729
MSAR,0.0
MSO3abcpp,0.0
MSO3tex,0.0
MTAN,0.03939034431693573
MTHFC,4.9797829329477805
MTHFD,4.9797829329477805
MTHFR2,0.9220751596420536
MTHTHFSs,0.0
MTRPOX,0.0
N2Otex,0.0
N2Otpp,0.0
NACtex,0.0
NACtpp,0.0
NADDP,0.0
NADH10,0.0
NADH16pp,198.1006833399577
NADH17pp,0.0
NADH18pp,0.0
NADH5,0.0
NADH9,0.0
NADHHR,0.0
NADHHS,0.0
NADHPO,0.0
NADHXD,0.0
NADHXE,0.0
NADK,0.002610836878644345
NADN,0.0
NADPHHR,0.0
NADPHHS,0.0
NADPHQR2,0.0
NADPHQR3,0.0
NADPHQR4,0.0
NADPHXD,0.0
NADPHXE,0.0
NADPPPS,0.0
NADS1,0.013311179522273823
NADTRHD,0.0
NAMNPP,0.0
NAt3_1p5pp,0.0
NAt3_2pp,0.0
NAt3pp,0.0
NAtex,0.0
NDP3,0.0
NDP7,0.0
NDPK1,4.549234320703046
NDPK2,0.0
NDPK3,0.9566818900806409
NDPK4,0.1924893516175762
NDPK5,0.0
NDPK6,0.0
NDPK7,0.0
NDPK8,0.0
NH4tex,61.49825683599397
NH4tpp,61.49825683599397
NHFRBO,0.0
NI2abcpp,0.0
NI2t3pp,0.0
NI2tex,0.001793125104581742
NI2tpp,0.001793125104581742
NI2uabcpp,0.0
NMNAT,0.0
NMNDA,0.0
NMNN,0.0
NMNPtpp,0.0
NMNt7pp,0.0
NMNtex,0.0
NNAM,0.0
NNATr,0.013311179522273823
NNDMBRT,0.0
NNDPR,0.013311179522273823
NO2t2rpp,0.0
NO2tex,0.0
NO3R1bpp,0.0
NO3R1pp,0.0
NO3R2bpp,0.0
NO3R2pp,0.0
NO3t7pp,0.0
NO3tex,0.0
NODOx,0.0
NODOy,0.0
NOVBCNtex,0.0
NOVBCNtpp,0.0
NOtex,0.0
NOtpp,0.0
NTD1,0.0
NTD10,0.0
NTD10pp,0.0
NTD11,0.0
NTD11pp,0.0
NTD12,0.0
NTD12pp,0.0
NTD1pp,0.0
NTD2,0.0
NTD2pp,0.0
NTD3,0.0
NTD3pp,0.0
NTD4,0.0
NTD4pp,0.0
NTD5,0.0
NTD5pp,0.0
NTD6,0.0
NTD6pp,0.0
NTD7,0.0
NTD7pp,0.0
NTD8,0.0
NTD8pp,0.0
NTD9,0.0
NTD9pp,0.0
NTP1,0.0
NTP10,0.0
NTP11,0.0
NTP12,0.0
NTP3,0.0
NTP3pp,0.0
NTP5,0.0
NTPP1,0.0
NTPP10,0.0
NTPP11,0.0
NTPP2,0.0
NTPP3,0.0
NTPP4,0.0
NTPP5,0.0
NTPP6,0.0
NTPP7,0.0
NTPP8,0.0
NTPP9,0.0
NTPTP1,0.0
NTPTP2,0.0
NTRIR2x,0.0
NTRIR3pp,0.0
NTRIR4pp,0.0
O16A4COLIPAabctex,0.0
O16A4Lpp,0.0
O16AP1pp,0.0
O16AP2pp,0.0
O16AP3pp,0.0
O16AT,0.0
O16AUNDtpp,0.0
O16GALFT,0.0
O16GLCT1,0.0
O16GLCT2,0.0
O2Stex,0.0
O2tex,100.0
O2tpp,100.0
OAADC,0.0
OBTFL,0.0
OCBT,1.6787622721787763
OCDCAtexi,0.0
OCDCEAtexi,0.0
OCTAtex,0.0
OCTDPS,0.00390749412040777
OCTNLL,1.752239515877924e-05
OGMEACPD,1.1681596772531176e-05
OGMEACPR,1.1681596772531176e-05
OGMEACPS,1.1681596772531176e-05
OHPBAT,-0.003907494120407793
OHPHM,0.0013024980401359235
OMBZLM,0.0013024980401359235
OMCDC,2.556973035940019
OMMBLHX3,0.0013024980401359235
OMMBLHXy,0.0
OMPDC,1.870947902280267
OMPHHXy,0.0013024980401359235
OP4ENH,0.0
OPHBDC,0.0013024980401359235
OPHHX3,0.0013024980401359235
OPHHXy,0.0
OPMEACPD,1.1681596772531176e-05
OPMEACPR,1.1681596772531176e-05
OPMEACPS,1.1681596772531176e-05
ORNDC,0.2337137066277975
ORNabcpp,0.0
ORNtex,0.0
OROTt2_2pp,0.0
OROTtex,0.0
ORPT,-1.870947902280267
OXAMTC,0.0
OXCDC,0.0
OXCOAHDH,0.0
OXDHCOAT,0.0
P5CD,0.0
P5CR,1.2545918117718209
PA120abcpp,0.0
PA140abcpp,0.0
PA141abcpp,0.0
PA160abcpp,0.0
PA161abcpp,0.0
PA180abcpp,0.0
PA181abcpp,0.0
PAAT,0.0
PACALDt2rpp,0.0
PACALDtex,0.0
PACCOAE,0.0
PACCOAL,0.0
PACOAT,0.0
PAI2I,0.007826669837588071
PAI2T,0.007826669837588071
PANTS,0.003364299870483791
PAPA120,0.0
PAPA120pp,0.0
PAPA140,0.0
PAPA140pp,0.0
PAPA141,0.0
PAPA141pp,0.0
PAPA160,0.0
PAPA160pp,0.0
PAPA161,0.0
PAPA161pp,0.0
PAPA180,0.0
PAPA180pp,0.0
PAPA181,0.0
PAPA181pp,0.0
PAPPT3,0.16107169709788502
PAPSR,1.4449726351719554
PAPSR2,0.0
PCNO,0.0
PDE1,0.0
PDE4,0.0
PDH,30.26910629648406
PDX5PO2,0.0013024980401359235
PDX5POi,0.0
PDX5PS,0.0013024980401359235
PDXIx,0.0
PDXIy,0.0
PDXPP,0.0
PE120abcpp,0.0
PE140abcpp,0.0
PE141abcpp,0.0
PE160abcpp,0.25795301993077546
PE161abcpp,0.20063142456802227
PE180abcpp,0.0
PE181abcpp,0.10340549463034256
PEAMNOpp,0.0
PEAMNtex,0.0
PERD,-0.003907494120407793
PETNT161pp,0.0
PETNT181pp,0.0
PFK,33.1709064406229
PFK_2,0.0
PFK_3,10.425922466113432
PFL,94.10575091194251
PG120abcpp,0.0
PG140abcpp,0.0
PG141abcpp,0.0
PG160abcpp,0.09629724299426445
PG161abcpp,0.07490239850539498
PG180abcpp,0.0
PG181abcpp,0.038601836534790664
PGAMT,-0.4173600894885764
PGCD,9.286997931717618
PGI,63.862139309244824
PGK,-172.03601735383842
PGL,34.999243771742556
PGLYCP,0.0
PGM,-162.7490194221208
PGMT,-1.1386169190142539
PGP120abcpp,0.0
PGP140abcpp,0.0
PGP141abcpp,0.0
PGP160abcpp,0.0
PGP161abcpp,0.0
PGP180abcpp,0.0
PGP181abcpp,0.0
PGPP120,0.0
PGPP120pp,0.0
PGPP140,0.0
PGPP140pp,0.0
PGPP141,0.0
PGPP141pp,0.0
PGPP160,0.09629724299426445
PGPP160pp,0.0
PGPP161,0.07490239850539498
PGPP161pp,0.0
PGPP180,0.0
PGPP180pp,0.0
PGPP181,0.038601836534790664
PGPP181pp,0.0
PGSA120,0.0
PGSA140,0.0
PGSA141,0.0
PGSA160,0.09629724299426445
PGSA161,0.07490239850539498
PGSA180,0.0
PGSA181,0.038601836534790664
PHDA,0.0
PHEMEabcpp,0.0
PHEMEtiex,0.0
PHETA1,-1.0514663662928658
PHEt2rpp,0.0
PHEtex,0.0
PHEtipp,0.0
PHYTSpp,0.0
PIt2rpp,5.499876825252452
PItex,5.499876825252452
PItpp,0.0
PIuabcpp,0.0
PLIPA1A120pp,0.0
PLIPA1A140pp,0.0
PLIPA1A141pp,0.0
PLIPA1A160pp,0.0
PLIPA1A161pp,0.0
PLIPA1A180pp,0.0
PLIPA1A181pp,0.0
PLIPA1E120pp,0.0
PLIPA1E140pp,0.0
PLIPA1E141pp,0.0
PLIPA1E160pp,0.0
PLIPA1E161pp,0.0
PLIPA1E180pp,0.0
PLIPA1E181pp,0.0
PLIPA1G120pp,0.0
PLIPA1G140pp,0.0
PLIPA1G141pp,0.0
PLIPA1G160pp,0.0
PLIPA1G161pp,0.0
PLIPA1G180pp,0.0
PLIPA1G181pp,0.0
PLIPA2A120pp,0.0
PLIPA2A140pp,0.0
PLIPA2A141pp,0.0
PLIPA2A160pp,0.0
PLIPA2A161pp,0.0
PLIPA2A180pp,0.0
PLIPA2A181pp,0.0
PLIPA2E120pp,0.0
PLIPA2E140pp,0.0
PLIPA2E141pp,0.0
PLIPA2E160pp,0.0
PLIPA2E161pp,0.0
PLIPA2E180pp,0.0
PLIPA2E181pp,0.0
PLIPA2G120pp,0.0
PLIPA2G140pp,0.0
PLIPA2G141pp,0.0
PLIPA2G160pp,0.0
PLIPA2G161pp,0.0
PLIPA2G180pp,0.0
PLIPA2G181pp,0.0
PMANM,0.0
PMDPHT,0.0026049960802723387
PMEACPE,1.1681596772531176e-05
PMPK,0.0013024980401359235
PNSPA,0.0
PNTK,0.003364299870483791
PNTOt4pp,0.0
PNTOtex,0.0
POAACR,0.0
POR5,0.6276521945874722
POX,0.0
PPA,20.95968748669802
PPA2,0.0013024980401359235
PPAKr,0.0
PPALtex,0.0
PPALtpp,0.0
PPAt4pp,0.0
PPAtex,0.0
PPBNGS,0.015629976481631083
PPC,17.090345461349177
PPCDC,0.003364299870483791
PPCK,0.0
PPCSCT,0.0
PPDOy,0.0
PPGPPDP,0.0
PPK,0.0
PPK2,0.0
PPM,-0.0485662385817498
PPM2,0.0
PPNCL2,0.003364299870483791
PPND,0.7839285962102381
PPNDH,1.0514663662928658
PPNP_C,0.0
PPNP_T,0.0
PPNP_U,0.0
PPPGO,0.0
PPPGO3,0.002604996080271847
PPPNDO,0.0
PPPNt2rpp,0.0
PPPNtex,0.0
PPS,0.0
PPTHpp,0.0
PPTtex,0.0
PRAGSr,2.567883647325679
PRAIS,2.567883647325679
PRAIi,0.32261065806667083
PRAMPC,0.5376805362455273
PRASCSi,2.5665811492855433
PRATPP,0.5376805362455273
PRCPD,0.0
PRFGS,2.567883647325679
PRMICI,0.5376805362455273
PROD3,0.0
PROGLYabcpp,0.0
PROGLYtex,0.0
PROabcpp,0.0
PROt2rpp,0.0
PROt4pp,0.0
PROtex,0.0
PRPPS,5.312433923440418
PSCLYSt2pp,0.0
PSCLYStex,0.0
PSCVT,2.17233309901127
PSD120,0.0
PSD140,0.0
PSD141,0.0
PSD160,0.25795301993077546
PSD161,0.20063142456802227
PSD180,0.0
PSD181,0.10340549463034256
PSERT,9.286997931717618
PSERtex,0.0
PSP_L,9.286997931717618
PSP_Lpp,0.0
PSSA120,0.0
PSSA140,0.0
PSSA141,0.0
PSSA160,0.25795301993077546
PSSA161,0.20063142456802227
PSSA180,0.0
PSSA181,0.10340549463034256
PSURIK,0.0
PSURItex,0.0
PSURItpp,0.0
PTA2,0.0
PTAr,97.73637756030858
PTHRpp,0.0
PTPATi,0.003364299870483791
PTRCORNt7pp,0.0
PTRCTA,0.0
PTRCabcpp,0.0
PTRCt2pp,0.0
PTRCtex,0.0
PUACGAMS,0.0
PUACGAMtr,0.0
PUNP1,-0.0485662385817498
PUNP2,0.0
PUNP3,0.0
PUNP4,0.0
PUNP5,0.0
PUNP6,0.0
PUNP7,0.0
PYAM5PO,0.0
PYDAMK,0.0
PYDAMtex,0.0
PYDAMtpp,0.0
PYDXK,0.0
PYDXNK,0.0
PYDXNtex,0.0
PYDXNtpp,0.0
PYDXPP,0.0
PYDXtex,0.0
PYDXtpp,0.0
PYK,0.0
PYK2,2.478741382354456
PYK3,0.0
PYK4,0.0
PYK6,0.0
PYNP2r,0.0
PYROX,0.0
PYRt2rpp,0.0
PYRtex,0.0
QMO2,0.0
QMO3,0.0
QUIN2tex,0.0
QUIN2tpp,0.0
QUINDH,0.0
QUINDHyi,0.0
QULNS,0.013311179522273823
R15BPK,0.0
R1PK,0.0
R5PP,0.0
R5PPpp,0.0
R5Ptex,0.0
RBFK,0.0013024980401364155
RBFSa,0.0052099921605446775
RBFSb,0.0026049960802723387
RBK,0.0
RBK_L1,0.0
RBP4E,0.0
REPHACCOAI,0.0
RFAMPtex,0.0
RFAMPtpp,0.0
RHAT1,0.0476083476464032
RHCCE,0.007826669837588071
RHMND,0.0
RIBabcpp,0.0
RIBtex,0.0
RMI,0.0
RMK,0.0
RMNtex,0.0
RMNtpp,0.0
RMPA,0.0
RNDR1,0.0
RNDR1b,0.0
RNDR2,0.0
RNDR2b,0.0
RNDR3,0.0
RNDR3b,0.0
RNDR4,0.0
RNDR4b,0.0
RNTR1c2,0.144881003971173
RNTR2c2,0.1495945282688846
RNTR3c2,0.1495945282688846
RNTR4c2,0.144881003971173
RPE,18.8738527179216
RPI,-15.977356018721212
RPNTPH,0.0
RU5PP,0.0
RZ5PP,0.0
S2FE2SR,0.0
S2FE2SS,0.0
S2FE2SS2,0.0
S2FE2ST,0.0
S4FE4SR,0.0
S4FE4ST,0.0
S7PI,0.1904333905856128
SADH,0.0
SADT2,1.4449726351719554
SARCOX,0.0
SBTPD,0.0
SBTptspp,0.0
SBTtex,0.0
SCYSDS,0.0
SDPDS,2.108674237399425
SDPTA,-2.108674237399425
SELGTHR,0.0
SELGTHR2,0.0
SELGTHR3,0.0
SELNPS,0.0
SELR,0.0
SELabcpp,0.0
SELtex,0.0
SEPHCHCS,0.002604996080271847
SERASr,0.003907494120407771
SERAT,1.4449726351719554
SERD_D,0.0
SERD_L,0.0
SERt2rpp,0.0
SERt4pp,0.0
SERtex,0.0
SERtpp,0.0
SFGTHi,0.0
SGDS,0.0
SGSAD,0.0
SHCHCS3,0.002604996080271847
SHCHD2,0.0013024980401359235
SHCHF,0.0013024980401359235
SHGO,0.0
SHK3Dr,2.17233309901127
SHKK,2.17233309901127
SHSL1,0.9129459917643294
SKMt2pp,0.0
SKMtex,0.0
SLNTabcpp,0.0
SLNTtex,0.0
SO2tex,0.0
SO2tpp,0.0
SO3tex,0.0
SO4t2pp,1.469071769313663
SO4tex,1.469071769313663
SOTA,0.0
SPMDAT1,0.0
SPMDAT2,0.0
SPMDabcpp,0.0
SPMDt3pp,0.0
SPMDtex,0.0
SPMS,0.03939034431693573
SPODM,0.0
SPODMpp,0.0
SQGH,0.0
SQVOSI,0.0
SQtex,0.0
SQtr,0.0
SSALx,0.0
SSALy,0.0
SUCASPtpp,0.0
SUCBZL,0.002604996080271847
SUCBZS,0.002604996080271847
SUCCt1pp,0.0
SUCCt2_2pp,0.0
SUCCt2_3pp,0.0
SUCCtex,0.0
SUCDi,0.007242589998962323
SUCFUMtpp,0.0
SUCMALtpp,0.0
SUCOAS,3.022192627405608
SUCRtex,0.0
SUCTARTtpp,0.0
SUCptspp,0.0
SULFACabcpp,0.0
SULFACtex,0.0
SULR,1.4449726351719554
SULabcpp,0.0
T2DECAI,0.0
TAGURr,0.0
TALA,0.0
TARTD,0.0
TARTRDtex,0.0
TARTRt7pp,0.0
TARTRtex,0.0
TARTt2_3pp,0.0
TAUDO,0.0
TAURabcpp,0.0
TAURtex,0.0
TCYNTtex,0.0
TDP,0.0
TDPADGAT,0.0
TDPAGTA,0.0
TDPDRE,0.0476083476464032
TDPDRR,0.0476083476464032
TDPGDH,0.0476083476464032
TDSK,0.0476083476464032
TDSR1,0.0
TDSR2,0.0
TEO2M,0.0
TGBPA,0.0
THD2pp,0.0
THDPS,2.108674237399425
THFAT,0.0
THIORDXi,0.0
THMDt2pp_copy1,0.0
THMDt2pp_copy2,0.0
THMDtex,0.0
THMabcpp,0.0
THMtex,0.0
THRA,0.0
THRA2,0.0
THRD,0.0
THRD_L,1.648892429231444
THRPtex,0.0
THRS,3.0886842762347895
THRabcpp,0.0
THRt2pp,0.0
THRt2rpp,0.0
THRt4pp,0.0
THRtex,0.0
THYMt3pp,0.0
THYMtex,0.0
THZPSN3,0.0013024980401359235
TKT1,10.616355856699045
TKT2,8.257496861222556
TMAOR1,0.0
TMAOR1pp,0.0
TMAOR2,0.0
TMAOR2pp,0.0
TMAOtex,0.0
TMAtex,0.0
TMDK1,0.0
TMDPP,0.0
TMDS,0.144881003971173
TMK,0.0
TMPK,0.0013024980401359235
TMPPP,0.0013024980401359235
TPI,81.17858402305897
TPRDCOAS,0.0
TRDR,1.4449726351719554
TRE6PH,0.0
TRE6PP,0.0
TRE6PS,0.0
TREH,0.0
TREHpp,0.0
TREptspp,0.0
TREtex,0.0
TRPAS2,-0.32261065806667083
TRPS1,0.0
TRPS2,0.0
TRPS3,0.32261065806667083
TRPt2rpp,0.0
TRPtex,0.0
TRPtipp,0.0
TRSARr,0.0
TSULabcpp,0.0
TSULtex,0.0
TTDCAtexi,0.0
TTDCEAtexi,0.0
TTRCYCtex,0.0
TTRCYCtpp,0.0
TUNGSabcpp,0.0
TUNGStex,0.0
TYMtex,0.0
TYRL,0.0013024980401359235
TYROXDApp,0.0
TYRPpp,0.0
TYRPtex,0.0
TYRTA,-0.7839285962102381
TYRt2rpp,0.0
TYRtex,0.0
TYRtipp,0.0
ThDPAT,0.0
U23GAAT,0.0952166952928064
UAAGDS,0.16107169709788502
UACGALPpp,0.0
UACGAMPpp,0.0
UACGAMtex,0.0
UACMAMO,0.0
UAG2E,0.0
UAGAAT,0.0952166952928064
UAGCVT,0.16107169709788502
UAGDP,0.4173600894885764
UAGPT3,0.16107169709788502
UAMAGS,0.16107169709788502
UAMAS,0.16107169709788502
UAPGR,0.16107169709788502
UDCPDP,0.16107169709788502
UDCPDPS,0.0003212439112442831
UDCPDPpp,0.0
UDCPPtppi,0.0
UDPACGALtex,0.0
UDPG4E,0.0
UDPGALM,0.0
UDPGALPpp,0.0
UDPGALtex,0.0
UDPGD,0.0
UDPGDC,0.0
UDPGLCURtex,0.0
UDPGPT,0.0
UDPGPpp,0.0
UDPGtex,0.0
UDPKAAT,0.0
UGCIAMH,0.0
UGLCURPpp,0.0
UGLT,0.0
UGLYCH,0.0
UGMDDS,0.16107169709788502
UHGADA,0.0952166952928064
ULA4NFT,0.0
ULA4Ntppi,0.0
UM3PL,0.0
UM4PCP,0.0
UM4PL,0.0
UMPK,2.079627947024555
UMPN,0.0
UMPtex,0.0
UPLA4FNF,0.0
UPLA4FNT,0.0
UPP3MT,0.0013024980401359235
UPP3S,0.003907494120407771
UPPDC1,0.002604996080271847
UPPRT,0.0
URACPAH,0.0
URATEtex,0.0
URATEtpp,0.0
URAt2pp,0.0
URAtex,0.0
URAtpp,0.0
URDGLYCD,0.0
UREAtex,0.0
UREAtpp,0.0
URIC,0.0
URIH,0.0
URIK1,0.0
URIK2,0.0
URIt2pp_copy1,0.0
URIt2pp_copy2,0.0
URItex,0.0
USHD,0.0476083476464032
UTPP,0.0
VALTA,-2.4016428436558277
VALabcpp,0.0
VALt2rpp,0.0
VALt3pp,0.0
VALtex,0.0
VPAMTr,0.0
WCOS,0.0
X5PL3E,0.0
XAND,0.0
XANt2pp,0.0
XANtex,0.0
XANtpp,0.0
XMPtex,0.0
XPPT,0.0
XTSNH,0.0
XTSNt2rpp,0.0
XTSNtex,0.0
XYHDL,0.0
XYLI1,0.0
XYLI2,0.0
XYLK,0.0
XYLK2,0.0
XYLUt2pp,0.0
XYLUtex,0.0
XYLabcpp,0.0
XYLt2pp,0.0
XYLtex,0.0
YUMPS,0.0
ZN2abcpp,0.0
ZN2t3pp,0.0
ZN2tpp,0.001892418677148158
ZNabcpp,0.0
Zn2tex,0.001892418677148158
